{
  "project_info": {
    "project_number": "590736794966",
    "project_id": "csci-3130-project-db6a2",
    "storage_bucket": "csci-3130-project-db6a2.appspot.com"
  },
  "client": [
    {
      "client_info": {
        "mobilesdk_app_id": "1:590736794966:android:b9bb96a96bc4bce82262f7",
        "android_client_info": {
          "package_name": "com.example.csci3130project"
        }
      },
      "oauth_client": [
        {
          "client_id": "590736794966-jtfg2ibvsvcmbcptnjfkhpmsmct8gqvo.apps.googleusercontent.com",
          "client_type": 3
        }
      ],
      "api_key": [
        {
          "current_key": "AIzaSyB2jFAjJkAcF-WEAEgiO_IRVtvfKmLg2GA"
        }
      ],
      "services": {
        "appinvite_service": {
          "other_platform_oauth_client": [
            {
              "client_id": "590736794966-jtfg2ibvsvcmbcptnjfkhpmsmct8gqvo.apps.googleusercontent.com",
              "client_type": 3
            }
          ]
        }
      }
    }
  ],
  "configuration_version": "1"
}